,numPoints,LSTMWidth,numIterations,Error
0,20,1,10,0.412229595376
1,20,1,20,0.284095707949
2,20,1,30,0.254630035913
3,20,1,40,0.239833393681
4,20,1,50,0.234820321108
5,20,1,60,0.232555748666
6,20,1,70,0.230035897226
7,20,1,80,0.227863700677
8,20,1,90,0.225620478865
9,20,1,100,0.224781828251
10,20,1,110,0.224152319067
11,20,1,120,0.223496663172
12,20,1,130,0.223041242066
13,20,1,140,0.222470168285
14,20,1,150,0.222072928826
15,20,1,160,0.221843509313
16,20,1,170,0.221588075707
17,20,1,180,0.221237290706
18,20,1,190,0.220974242685
19,20,1,200,0.220695945027
20,20,2,10,0.455113715741
21,20,2,20,0.413047371335
22,20,2,30,0.375592793263
23,20,2,40,0.356333620998
24,20,2,50,0.340259628357
25,20,2,60,0.335585291377
26,20,2,70,0.327790662576
27,20,2,80,0.32328964169
28,20,2,90,0.321421469112
29,20,2,100,0.320268097788
30,20,2,110,0.319160261441
31,20,2,120,0.318242069688
32,20,2,130,0.31780815464
33,20,2,140,0.317676225069
34,20,2,150,0.317345260366
35,20,2,160,0.317185265397
36,20,2,170,0.317005797166
37,20,2,180,0.316767222271
38,20,2,190,0.316553677431
39,20,2,200,0.31635495544
40,20,3,10,0.868599606549
41,20,3,20,1.63026468392
42,20,3,30,1.02672339091
43,20,3,40,0.776879812042
44,20,3,50,0.988703702286
45,20,3,60,1.06172546029
46,20,3,70,1.11058307346
47,20,3,80,1.27649398256
48,20,3,90,1.4847696022
49,20,3,100,2.13527357127
50,20,3,110,2.53602857332
51,20,3,120,2.91725640227
52,20,3,130,3.15874349191
53,20,3,140,3.21956412788
54,20,3,150,3.26781380782
55,20,3,160,3.2976965007
56,20,3,170,3.36239345287
57,20,3,180,3.41379882879
58,20,3,190,3.51352050835
59,20,3,200,3.58275609603
60,20,4,10,0.263180265026
61,20,4,20,1.10065145768
62,20,4,30,1.55423893597
63,20,4,40,1.76671912983
64,20,4,50,1.65226085582
65,20,4,60,1.2094052475
66,20,4,70,0.887692635417
67,20,4,80,0.711449472359
68,20,4,90,0.591606647626
69,20,4,100,0.476116669236
70,20,4,110,0.465137377683
71,20,4,120,0.477813984871
72,20,4,130,0.511058570047
73,20,4,140,0.538698617954
74,20,4,150,0.538767783089
75,20,4,160,0.528373985785
76,20,4,170,0.524724517445
77,20,4,180,0.521972095988
78,20,4,190,0.52103817914
79,20,4,200,0.519403325499
80,20,5,10,0.204737274009
81,20,5,20,0.196277067381
82,20,5,30,0.182008722548
83,20,5,40,0.179244989462
84,20,5,50,0.165607141485
85,20,5,60,0.140051600847
86,20,5,70,0.142352765984
87,20,5,80,0.137747111456
88,20,5,90,0.123745596469
89,20,5,100,0.114009511472
90,20,5,110,0.131508315405
91,20,5,120,0.115722221704
92,20,5,130,0.116252480074
93,20,5,140,0.116386149912
94,20,5,150,0.116261630714
95,20,5,160,0.112497895422
96,20,5,170,0.113636201091
97,20,5,180,0.118222440772
98,20,5,190,0.117548941253
99,20,5,200,0.122601733149
100,20,6,10,0.399628496114
101,20,6,20,0.344559754373
102,20,6,30,0.326771728784
103,20,6,40,0.544806940405
104,20,6,50,0.0296029261537
105,20,6,60,0.0195098537417
106,20,6,70,0.018894864601
107,20,6,80,0.0194891939365
108,20,6,90,0.0194202086867
109,20,6,100,0.0196517971357
110,20,6,110,0.0205714132094
111,20,6,120,0.0206823728994
112,20,6,130,0.0227514195075
113,20,6,140,0.0235382663389
114,20,6,150,0.0249166144858
115,20,6,160,0.0252212878844
116,20,6,170,0.0247953530754
117,20,6,180,0.0268501013364
118,20,6,190,0.0270500243396
119,20,6,200,0.0284062406458
120,20,7,10,0.108202862711
121,20,7,20,0.0930755695083
122,20,7,30,0.193995785124
123,20,7,40,0.0308389159374
124,20,7,50,0.134151841816
125,20,7,60,0.135979690646
126,20,7,70,0.130571317686
127,20,7,80,0.17536497762
128,20,7,90,0.177598464995
129,20,7,100,0.183024300091
130,20,7,110,0.181988199959
131,20,7,120,0.182675260554
132,20,7,130,0.182306721888
133,20,7,140,0.181093690551
134,20,7,150,0.180772731164
135,20,7,160,0.180360383759
136,20,7,170,0.179919109454
137,20,7,180,0.179862680727
138,20,7,190,0.179914885145
139,20,7,200,0.17988533622
140,20,8,10,0.138716241622
141,20,8,20,0.0809658146101
142,20,8,30,0.0447795509018
143,20,8,40,0.0346307030803
144,20,8,50,0.224188498088
145,20,8,60,0.311741691428
146,20,8,70,0.221937551316
147,20,8,80,0.143502937503
148,20,8,90,0.0789310069268
149,20,8,100,0.080605906863
150,20,8,110,0.0756281484404
151,20,8,120,0.0703940651624
152,20,8,130,0.0657701539504
153,20,8,140,0.0584969447631
154,20,8,150,0.0637224017176
155,20,8,160,0.0645274533342
156,20,8,170,0.0647186597423
157,20,8,180,0.064335310985
158,20,8,190,0.0622859976394
159,20,8,200,0.0612708072734
160,20,9,10,0.220562934603
161,20,9,20,0.43512115196
162,20,9,30,0.500610137242
163,20,9,40,0.54595773089
164,20,9,50,0.55683035774
165,20,9,60,0.542189166217
166,20,9,70,0.497687066358
167,20,9,80,0.466902831015
168,20,9,90,0.465505372148
169,20,9,100,0.464636040892
170,20,9,110,0.480472011491
171,20,9,120,0.490018924282
172,20,9,130,0.502047555404
173,20,9,140,0.519181908242
174,20,9,150,0.523231401053
175,20,9,160,0.536374883034
176,20,9,170,0.53658587347
177,20,9,180,0.535810991974
178,20,9,190,0.537754797172
179,20,9,200,0.541094005032
180,20,10,10,0.0983196674492
181,20,10,20,0.00822022326764
182,20,10,30,0.00297970088838
183,20,10,40,0.00102532424212
184,20,10,50,0.000814653283202
185,20,10,60,0.000671428457259
186,20,10,70,0.000632250123785
187,20,10,80,0.000626831582473
188,20,10,90,0.000620683348563
189,20,10,100,0.000618239381752
190,20,10,110,0.000607417841318
191,20,10,120,0.000588762437607
192,20,10,130,0.000597326216242
193,20,10,140,0.000566156404304
194,20,10,150,0.000531657184481
195,20,10,160,0.000547667780704
196,20,10,170,0.000545914578129
197,20,10,180,0.000547076632613
198,20,10,190,0.000550062025156
199,20,10,200,0.000552937197535
200,40,1,10,0.484799463222
201,40,1,20,0.451764752232
202,40,1,30,0.449906200133
203,40,1,40,0.449822904733
204,40,1,50,0.446731429707
205,40,1,60,0.420665315276
206,40,1,70,0.419313846422
207,40,1,80,0.415148165923
208,40,1,90,0.41416216817
209,40,1,100,0.414073660772
210,40,1,110,0.414067610161
211,40,1,120,0.414058024721
212,40,1,130,0.41405229491
213,40,1,140,0.41404060164
214,40,1,150,0.414023380827
215,40,1,160,0.414016573559
216,40,1,170,0.414025999191
217,40,1,180,0.413989887695
218,40,1,190,0.413983229042
219,40,1,200,0.413966539542
220,40,2,10,0.290346438602
221,40,2,20,0.167299939107
222,40,2,30,0.121955961452
223,40,2,40,0.129976626
224,40,2,50,0.139352781187
225,40,2,60,0.153209736704
226,40,2,70,0.169200591666
227,40,2,80,0.176706129587
228,40,2,90,0.179662264709
229,40,2,100,0.182704420654
230,40,2,110,0.186954920811
231,40,2,120,0.188592706711
232,40,2,130,0.195346875405
233,40,2,140,0.198610064586
234,40,2,150,0.203869565709
235,40,2,160,0.200796792965
236,40,2,170,0.202985637164
237,40,2,180,0.20114224396
238,40,2,190,0.197416575567
239,40,2,200,0.193366671012
240,40,3,10,0.347832119998
241,40,3,20,0.152964894941
242,40,3,30,0.114729542418
243,40,3,40,0.117904709606
244,40,3,50,0.145239030076
245,40,3,60,0.152580263564
246,40,3,70,0.145916257458
247,40,3,80,0.140639112582
248,40,3,90,0.132977699857
249,40,3,100,0.128917124482
250,40,3,110,0.121660478072
251,40,3,120,0.118680055118
252,40,3,130,0.123628734005
253,40,3,140,0.125892582473
254,40,3,150,0.125890766934
255,40,3,160,0.125679857297
256,40,3,170,0.124026954212
257,40,3,180,0.123780943776
258,40,3,190,0.12298170412
259,40,3,200,0.121272907516
260,40,4,10,0.181501142713
261,40,4,20,0.107575202563
262,40,4,30,0.087242553946
263,40,4,40,0.073452891401
264,40,4,50,0.195262701961
265,40,4,60,0.189509681376
266,40,4,70,0.190216645289
267,40,4,80,0.208604676851
268,40,4,90,0.219890680749
269,40,4,100,0.21488776314
270,40,4,110,0.203036770688
271,40,4,120,0.20070464776
272,40,4,130,0.199579149633
273,40,4,140,0.198713592055
274,40,4,150,0.197312003398
275,40,4,160,0.196884222038
276,40,4,170,0.197981345849
277,40,4,180,0.198314734336
278,40,4,190,0.188910652389
279,40,4,200,0.1824216319
280,40,5,10,0.191690418732
281,40,5,20,0.115506327315
282,40,5,30,0.058993620855
283,40,5,40,0.0476268779084
284,40,5,50,0.0389749141123
285,40,5,60,0.0565490975616
286,40,5,70,0.0719045434954
287,40,5,80,0.0976599977738
288,40,5,90,0.143046783924
289,40,5,100,0.177761451862
290,40,5,110,0.194850685952
291,40,5,120,0.197313784914
292,40,5,130,0.195700812224
293,40,5,140,0.180911449141
294,40,5,150,0.15965519651
295,40,5,160,0.0277936671889
296,40,5,170,0.0254863694098
297,40,5,180,0.0247003491264
298,40,5,190,0.023723286166
299,40,5,200,0.0231499865215
300,40,6,10,0.603241789759
301,40,6,20,0.538275522326
302,40,6,30,0.493469730715
303,40,6,40,0.122078432149
304,40,6,50,0.10164127249
305,40,6,60,0.0976093661751
306,40,6,70,0.0957327056969
307,40,6,80,0.094306191895
308,40,6,90,0.0934089280781
309,40,6,100,0.0926867816934
310,40,6,110,0.092176898864
311,40,6,120,0.0915116599627
312,40,6,130,0.0910615136809
313,40,6,140,0.0906969633384
314,40,6,150,0.0903912232356
315,40,6,160,0.0900395920223
316,40,6,170,0.0897704029044
317,40,6,180,0.0895735067004
318,40,6,190,0.0894451229023
319,40,6,200,0.0893279077475
320,40,7,10,0.192495264995
321,40,7,20,0.160213548076
322,40,7,30,0.124030584007
323,40,7,40,0.109133687417
324,40,7,50,0.121469378516
325,40,7,60,0.140500003818
326,40,7,70,0.156370620762
327,40,7,80,0.188826430864
328,40,7,90,0.207321108408
329,40,7,100,0.200417554423
330,40,7,110,0.24466935985
331,40,7,120,0.262110176203
332,40,7,130,0.265109618934
333,40,7,140,0.273680975335
334,40,7,150,0.286429056637
335,40,7,160,0.290902037386
336,40,7,170,0.283388930903
337,40,7,180,0.266194851227
338,40,7,190,0.0206247937071
339,40,7,200,0.0978131947513
340,40,8,10,0.228507347567
341,40,8,20,0.127126758639
342,40,8,30,0.111404294
343,40,8,40,0.137073292525
344,40,8,50,0.178359580089
345,40,8,60,0.202863215678
346,40,8,70,0.227721170309
347,40,8,80,0.259095576197
348,40,8,90,0.273390980386
349,40,8,100,0.283279490982
350,40,8,110,0.297499257111
351,40,8,120,0.301438261486
352,40,8,130,0.311506919067
353,40,8,140,0.321324448751
354,40,8,150,0.327998572042
355,40,8,160,0.325370515283
356,40,8,170,0.319678619027
357,40,8,180,0.313756601009
358,40,8,190,0.322437884416
359,40,8,200,0.324178049181
360,40,9,10,0.411616868651
361,40,9,20,0.411647303132
362,40,9,30,0.253530057558
363,40,9,40,0.225240655003
364,40,9,50,0.204552137185
365,40,9,60,0.188607410323
366,40,9,70,0.172655683606
367,40,9,80,0.164490340345
368,40,9,90,0.157356207557
369,40,9,100,0.149433502352
370,40,9,110,0.148677282555
371,40,9,120,0.140463927403
372,40,9,130,0.133468811481
373,40,9,140,0.127066815188
374,40,9,150,0.120889750701
375,40,9,160,0.119065113094
376,40,9,170,0.11204639486
377,40,9,180,0.101981985362
378,40,9,190,0.0997631182135
379,40,9,200,0.102980570855
380,40,10,10,0.233783795819
381,40,10,20,0.13561254949
382,40,10,30,0.136605120293
383,40,10,40,0.153827384897
384,40,10,50,0.449255642491
385,40,10,60,0.570883073168
386,40,10,70,0.567425015329
387,40,10,80,0.436948068711
388,40,10,90,0.505308753303
389,40,10,100,0.518116478602
390,40,10,110,0.524183131608
391,40,10,120,0.547111393892
392,40,10,130,0.553935435713
393,40,10,140,0.550268520716
394,40,10,150,0.555183500403
395,40,10,160,0.563686760848
396,40,10,170,0.579091580822
397,40,10,180,0.583408940535
398,40,10,190,0.582442941488
399,40,10,200,0.581499136389
400,60,1,10,0.462298430543
401,60,1,20,0.449701385004
402,60,1,30,0.440184499112
403,60,1,40,0.459204506854
404,60,1,50,0.39906457321
405,60,1,60,0.398463091449
406,60,1,70,0.354058205856
407,60,1,80,0.342319702001
408,60,1,90,0.33380468269
409,60,1,100,0.333275429738
410,60,1,110,0.333218674129
411,60,1,120,0.256147147328
412,60,1,130,0.238442703679
413,60,1,140,0.232931157782
414,60,1,150,0.208681982482
415,60,1,160,0.195868884693
416,60,1,170,0.193698424354
417,60,1,180,0.192593127808
418,60,1,190,0.192237013189
419,60,1,200,0.192175260246
420,60,2,10,0.300533835028
421,60,2,20,0.260085158812
422,60,2,30,0.223945361996
423,60,2,40,0.167216455866
424,60,2,50,0.135084279525
425,60,2,60,0.125562085653
426,60,2,70,0.119894210862
427,60,2,80,0.114932611492
428,60,2,90,0.11158818419
429,60,2,100,0.108865517371
430,60,2,110,0.106074579394
431,60,2,120,0.105054902305
432,60,2,130,0.1043189747
433,60,2,140,0.103449820947
434,60,2,150,0.103047617218
435,60,2,160,0.102504200015
436,60,2,170,0.101950883917
437,60,2,180,0.101360847403
438,60,2,190,0.100660542762
439,60,2,200,0.100140070027
440,60,3,10,0.158722217688
441,60,3,20,0.125449624157
442,60,3,30,0.102355057024
443,60,3,40,0.094312475393
444,60,3,50,0.0980154605741
445,60,3,60,0.101442595314
446,60,3,70,0.0992363152012
447,60,3,80,0.104499978928
448,60,3,90,0.103568914295
449,60,3,100,0.105876649343
450,60,3,110,0.107578416963
451,60,3,120,0.107936427029
452,60,3,130,0.108813013477
453,60,3,140,0.1091767166
454,60,3,150,0.10746668198
455,60,3,160,0.108046077975
456,60,3,170,0.108412850063
457,60,3,180,0.108399586749
458,60,3,190,0.108131122077
459,60,3,200,0.110748710534
460,60,4,10,0.167038226415
461,60,4,20,0.109892142842
462,60,4,30,0.0719112960657
463,60,4,40,0.042996635604
464,60,4,50,0.0326907865216
465,60,4,60,0.0291929143305
466,60,4,70,0.0266466594831
467,60,4,80,0.0244903328935
468,60,4,90,0.0221915208031
469,60,4,100,0.0200936780814
470,60,4,110,0.0185065565171
471,60,4,120,0.0167365754279
472,60,4,130,0.0161377045527
473,60,4,140,0.0156963801419
474,60,4,150,0.0151612764598
475,60,4,160,0.0146225361807
476,60,4,170,0.0142844583317
477,60,4,180,0.0140498869612
478,60,4,190,0.0137812183202
479,60,4,200,0.0136377361421
480,60,5,10,0.232088526899
481,60,5,20,0.0993311806914
482,60,5,30,0.0639929525326
483,60,5,40,0.0550332393637
484,60,5,50,0.0496543771613
485,60,5,60,0.0452186972612
486,60,5,70,0.0422134220239
487,60,5,80,0.0387509374806
488,60,5,90,0.0358393958332
489,60,5,100,0.0356985346459
490,60,5,110,0.034399645512
491,60,5,120,0.0323528458471
492,60,5,130,0.0304649373482
493,60,5,140,0.0295708601558
494,60,5,150,0.0285436434529
495,60,5,160,0.0285739408171
496,60,5,170,0.0283546505069
497,60,5,180,0.0278479315069
498,60,5,190,0.0274232206957
499,60,5,200,0.0273806520683
500,60,6,10,0.142951591433
501,60,6,20,0.148458522183
502,60,6,30,0.143968957796
503,60,6,40,0.118242278786
504,60,6,50,0.105830542887
505,60,6,60,0.0644139231534
506,60,6,70,0.0507902952439
507,60,6,80,0.0509553661962
508,60,6,90,0.0535983173877
509,60,6,100,0.0710381385543
510,60,6,110,0.0742026768137
511,60,6,120,0.0608658654124
512,60,6,130,0.0546386984624
513,60,6,140,0.0535738561419
514,60,6,150,0.0541086535248
515,60,6,160,0.0553877637065
516,60,6,170,0.0575565512752
517,60,6,180,0.0604915503196
518,60,6,190,0.0588157824497
519,60,6,200,0.0584149447115
520,60,7,10,0.177454563096
521,60,7,20,0.0661210762582
522,60,7,30,0.0558067276388
523,60,7,40,0.0510399278352
524,60,7,50,0.0408705743368
525,60,7,60,0.036753622309
526,60,7,70,0.0337975441821
527,60,7,80,0.0307038639704
528,60,7,90,0.0286103881957
529,60,7,100,0.0260540095288
530,60,7,110,0.0239146155732
531,60,7,120,0.0209224853091
532,60,7,130,0.0176872862504
533,60,7,140,0.014566612626
534,60,7,150,0.0132788264565
535,60,7,160,0.0124214444977
536,60,7,170,0.0117935516837
537,60,7,180,0.0116111073099
538,60,7,190,0.0120271615031
539,60,7,200,0.0127565213128
540,60,8,10,0.0669117819432
541,60,8,20,0.0474145532063
542,60,8,30,0.0395944935756
543,60,8,40,0.0261170212031
544,60,8,50,0.0245500361356
545,60,8,60,0.033308144115
546,60,8,70,0.0345757425587
547,60,8,80,0.0326535401351
548,60,8,90,0.0323611476155
549,60,8,100,0.0324016302007
550,60,8,110,0.0345364223883
551,60,8,120,0.034856660235
552,60,8,130,0.0352650800768
553,60,8,140,0.0355934659736
554,60,8,150,0.035701955084
555,60,8,160,0.0353789798896
556,60,8,170,0.0344471723903
557,60,8,180,0.0350248275941
558,60,8,190,0.0353016234403
559,60,8,200,0.0361352430013
560,60,9,10,0.0898095746807
561,60,9,20,0.062606841987
562,60,9,30,0.0424059758098
563,60,9,40,0.0376537734066
564,60,9,50,0.0346657570842
565,60,9,60,0.0315511290349
566,60,9,70,0.0307087133154
567,60,9,80,0.0364622370314
568,60,9,90,0.0350419713635
569,60,9,100,0.0331628066018
570,60,9,110,0.0308527624749
571,60,9,120,0.0301676391291
572,60,9,130,0.0312494071584
573,60,9,140,0.0384610097072
574,60,9,150,0.0432983469454
575,60,9,160,0.0372511535706
576,60,9,170,0.0377832476405
577,60,9,180,0.0275540422908
578,60,9,190,0.0238630398969
579,60,9,200,0.0316638745777
580,60,10,10,0.230910594821
581,60,10,20,0.218746939677
582,60,10,30,0.297241183638
583,60,10,40,0.53734442723
584,60,10,50,0.635412624591
585,60,10,60,0.695186892598
586,60,10,70,0.680126298756
587,60,10,80,1.46080042606
588,60,10,90,0.627985656922
589,60,10,100,0.579250583839
590,60,10,110,0.565933504278
591,60,10,120,0.593734185918
592,60,10,130,0.785983897804
593,60,10,140,0.757049610468
594,60,10,150,0.813115630803
595,60,10,160,0.932455402547
596,60,10,170,1.01046490007
597,60,10,180,1.06211700112
598,60,10,190,1.00355096762
599,60,10,200,1.24270036084
600,80,1,10,0.215289961742
601,80,1,20,0.192203412103
602,80,1,30,0.190413151996
603,80,1,40,0.18962746331
604,80,1,50,0.189128268477
605,80,1,60,0.188906496481
606,80,1,70,0.188694679052
607,80,1,80,0.188638902456
608,80,1,90,0.188541238292
609,80,1,100,0.188515947207
610,80,1,110,0.188462493788
611,80,1,120,0.188288683836
612,80,1,130,0.188237042706
613,80,1,140,0.188153000642
614,80,1,150,0.188110726503
615,80,1,160,0.188066449229
616,80,1,170,0.188024642241
617,80,1,180,0.187982187416
618,80,1,190,0.187947768108
619,80,1,200,0.187924880673
620,80,2,10,0.365827624484
621,80,2,20,0.258050664409
622,80,2,30,0.22284879853
623,80,2,40,0.209574283415
624,80,2,50,0.19903995231
625,80,2,60,0.180528347321
626,80,2,70,0.0766391666136
627,80,2,80,0.0402580679319
628,80,2,90,0.0340170744623
629,80,2,100,0.0300965781094
630,80,2,110,0.0265934986692
631,80,2,120,0.0254898710659
632,80,2,130,0.0245888541245
633,80,2,140,0.0239071925673
634,80,2,150,0.023183898083
635,80,2,160,0.0226368210324
636,80,2,170,0.0220138805316
637,80,2,180,0.021568859602
638,80,2,190,0.0211142022538
639,80,2,200,0.0208992128322
640,80,3,10,0.414049887518
641,80,3,20,0.131330968973
642,80,3,30,0.0490409776395
643,80,3,40,0.0435658527605
644,80,3,50,0.0445532579749
645,80,3,60,0.0652134137374
646,80,3,70,0.0784443171023
647,80,3,80,0.0882598582158
648,80,3,90,0.0940346783425
649,80,3,100,0.109473986707
650,80,3,110,0.104746497532
651,80,3,120,0.100622813492
652,80,3,130,0.100478444047
653,80,3,140,0.0962024533651
654,80,3,150,0.09176710322
655,80,3,160,0.0900221586536
656,80,3,170,0.089598558984
657,80,3,180,0.0855190249883
658,80,3,190,0.0772799041286
659,80,3,200,0.0566394715464
660,80,4,10,0.271390105543
661,80,4,20,0.218940832923
662,80,4,30,0.138104244854
663,80,4,40,0.045782771233
664,80,4,50,0.038262393092
665,80,4,60,0.0348119945776
666,80,4,70,0.0334525619485
667,80,4,80,0.0294922019951
668,80,4,90,0.0255322349203
669,80,4,100,0.0217280551933
670,80,4,110,0.0219544462813
671,80,4,120,0.0226590417899
672,80,4,130,0.0224129572564
673,80,4,140,0.022747038504
674,80,4,150,0.0221229100508
675,80,4,160,0.0220790998589
676,80,4,170,0.0218399198532
677,80,4,180,0.0205941916955
678,80,4,190,0.0194580135917
679,80,4,200,0.0181601839008
680,80,5,10,0.106126900796
681,80,5,20,0.0457902687297
682,80,5,30,0.0337303045015
683,80,5,40,0.0287056439211
684,80,5,50,0.0258670306583
685,80,5,60,0.0236682669266
686,80,5,70,0.022336834083
687,80,5,80,0.0216383396297
688,80,5,90,0.0211809344054
689,80,5,100,0.0207572537304
690,80,5,110,0.020352544466
691,80,5,120,0.0199201406023
692,80,5,130,0.019689945065
693,80,5,140,0.0197345684794
694,80,5,150,0.0195856575504
695,80,5,160,0.0194282229551
696,80,5,170,0.0192762927053
697,80,5,180,0.0189469939104
698,80,5,190,0.0187547381429
699,80,5,200,0.0185883998612
700,80,6,10,0.235245112115
701,80,6,20,0.165601390176
702,80,6,30,0.474273450821
703,80,6,40,0.75316657811
704,80,6,50,1.35363201466
705,80,6,60,1.44427379354
706,80,6,70,1.54677742605
707,80,6,80,1.57887236384
708,80,6,90,1.48084126725
709,80,6,100,1.27114471977
710,80,6,110,0.951732676367
711,80,6,120,0.972171206511
712,80,6,130,0.959746084722
713,80,6,140,0.961260560905
714,80,6,150,0.976101972322
715,80,6,160,1.01534927099
716,80,6,170,1.04407573768
717,80,6,180,1.07278594411
718,80,6,190,1.08509003834
719,80,6,200,1.1136141112
720,80,7,10,0.204357130488
721,80,7,20,0.194457099796
722,80,7,30,0.226073483884
723,80,7,40,0.351326187189
724,80,7,50,0.403765588967
725,80,7,60,0.431424612688
726,80,7,70,0.463110431655
727,80,7,80,0.497017321158
728,80,7,90,0.498232933913
729,80,7,100,0.497337319152
730,80,7,110,0.464775231913
731,80,7,120,0.468413317287
732,80,7,130,0.46353293945
733,80,7,140,0.460283139382
734,80,7,150,0.491655193194
735,80,7,160,0.490454129388
736,80,7,170,0.493293290891
737,80,7,180,0.49255865643
738,80,7,190,0.495471664291
739,80,7,200,0.494190761661
740,80,8,10,1.38451425474
741,80,8,20,1.53604063444
742,80,8,30,1.56856549947
743,80,8,40,3.06380497161
744,80,8,50,3.52842135574
745,80,8,60,3.55705401147
746,80,8,70,3.51115315658
747,80,8,80,3.49824397954
748,80,8,90,3.50600620311
749,80,8,100,3.51866630222
750,80,8,110,3.18715279265
751,80,8,120,2.42879704251
752,80,8,130,1.88235026703
753,80,8,140,1.41489915026
754,80,8,150,1.38314016851
755,80,8,160,1.36532875292
756,80,8,170,1.35096445927
757,80,8,180,1.33930867345
758,80,8,190,1.32454543462
759,80,8,200,1.31753853492
760,80,9,10,0.147399522185
761,80,9,20,0.0543485854412
762,80,9,30,0.0383299425845
763,80,9,40,0.0290564998539
764,80,9,50,0.0299335208454
765,80,9,60,0.0282838660105
766,80,9,70,0.0304211210651
767,80,9,80,0.0293705333415
768,80,9,90,0.0273684072112
769,80,9,100,0.0260679368381
770,80,9,110,0.026381306747
771,80,9,120,0.0265082334769
772,80,9,130,0.0241295889711
773,80,9,140,0.0222994488839
774,80,9,150,0.0237693898962
775,80,9,160,0.0248792208273
776,80,9,170,0.0271045724768
777,80,9,180,0.0307033677859
778,80,9,190,0.0319382672639
779,80,9,200,0.0341033755584
780,80,10,10,0.20965801539
781,80,10,20,0.0985604038679
782,80,10,30,0.108383585376
783,80,10,40,0.125966417136
784,80,10,50,0.0997004154396
785,80,10,60,0.0688719516193
786,80,10,70,0.101914927864
787,80,10,80,0.15518396862
788,80,10,90,0.17068717114
789,80,10,100,0.173902088693
790,80,10,110,0.0877036441164
791,80,10,120,0.140055919644
792,80,10,130,0.213055698505
793,80,10,140,0.227304193187
794,80,10,150,0.233491344797
795,80,10,160,0.243015565432
796,80,10,170,0.248437775797
797,80,10,180,0.252260986501
798,80,10,190,0.0568728889606
799,80,10,200,0.0609705254909
800,100,1,10,0.19738069394
801,100,1,20,0.0617482181794
802,100,1,30,0.0363549550294
803,100,1,40,0.0324897040322
804,100,1,50,0.0292709676122
805,100,1,60,0.0265126162264
806,100,1,70,0.0261308202327
807,100,1,80,0.0252624413332
808,100,1,90,0.0246577315838
809,100,1,100,0.0240362756131
810,100,1,110,0.0237085542798
811,100,1,120,0.0233692569684
812,100,1,130,0.0230983478714
813,100,1,140,0.0228619824813
814,100,1,150,0.0227013100927
815,100,1,160,0.0225166895731
816,100,1,170,0.0223328917058
817,100,1,180,0.0222573652374
818,100,1,190,0.0221447339194
819,100,1,200,0.021960813795
820,100,2,10,0.156330860462
821,100,2,20,0.129014409265
822,100,2,30,0.123640816172
823,100,2,40,0.12000256658
824,100,2,50,0.117883898011
825,100,2,60,0.116205988806
826,100,2,70,0.114535070158
827,100,2,80,0.113286896817
828,100,2,90,0.112365700162
829,100,2,100,0.11153307779
830,100,2,110,0.110592797804
831,100,2,120,0.110346889056
832,100,2,130,0.110164428596
833,100,2,140,0.109805643223
834,100,2,150,0.109594857158
835,100,2,160,0.109417316083
836,100,2,170,0.109273368769
837,100,2,180,0.109132493413
838,100,2,190,0.108973492567
839,100,2,200,0.108870136048
840,100,3,10,0.248963855807
841,100,3,20,0.0432505234287
842,100,3,30,0.0264927201537
843,100,3,40,0.0231759488832
844,100,3,50,0.0212519543253
845,100,3,60,0.0192195835849
846,100,3,70,0.0177527381887
847,100,3,80,0.0165811788033
848,100,3,90,0.0156509750911
849,100,3,100,0.0150433017871
850,100,3,110,0.0144577351507
851,100,3,120,0.0138598215705
852,100,3,130,0.0133753911625
853,100,3,140,0.0130357513374
854,100,3,150,0.0127769416742
855,100,3,160,0.0126747677445
856,100,3,170,0.0132735607131
857,100,3,180,0.0137022135934
858,100,3,190,0.0133489017057
859,100,3,200,0.0132821009806
860,100,4,10,0.0898785501988
861,100,4,20,0.0375069087583
862,100,4,30,0.0244668398059
863,100,4,40,0.0221484604993
864,100,4,50,0.0217556192032
865,100,4,60,0.0226454484396
866,100,4,70,0.0230564341026
867,100,4,80,0.0238638572227
868,100,4,90,0.0243173652311
869,100,4,100,0.0248811948342
870,100,4,110,0.0248903766025
871,100,4,120,0.0233922934245
872,100,4,130,0.0232653038068
873,100,4,140,0.0215707957409
874,100,4,150,0.0198776345717
875,100,4,160,0.0185299091636
876,100,4,170,0.0182718137593
877,100,4,180,0.0176551175668
878,100,4,190,0.0171125666549
879,100,4,200,0.0167585727709
880,100,5,10,0.307501618161
881,100,5,20,0.183985708997
882,100,5,30,0.0469958710251
883,100,5,40,0.0803602614165
884,100,5,50,0.088519953084
885,100,5,60,0.113961054055
886,100,5,70,0.115575298588
887,100,5,80,0.140531770882
888,100,5,90,0.150568648306
889,100,5,100,0.158966733509
890,100,5,110,0.160363918981
891,100,5,120,0.160864279745
892,100,5,130,0.164541615678
893,100,5,140,0.173779188383
894,100,5,150,0.184633394222
895,100,5,160,0.186426095627
896,100,5,170,0.191539002596
897,100,5,180,0.193300879723
898,100,5,190,0.198724526112
899,100,5,200,0.201175025497
900,100,6,10,0.0687670954974
901,100,6,20,0.049916806229
902,100,6,30,0.0545028336095
903,100,6,40,0.0640710871609
904,100,6,50,0.0762199869397
905,100,6,60,0.084522302307
906,100,6,70,0.108291577055
907,100,6,80,0.122226459282
908,100,6,90,0.135131145027
909,100,6,100,0.153568952336
910,100,6,110,0.160163472092
911,100,6,120,0.165634628694
912,100,6,130,0.164818427584
913,100,6,140,0.160591332638
914,100,6,150,0.157536037923
915,100,6,160,0.150226808725
916,100,6,170,0.143846907761
917,100,6,180,0.144402885969
918,100,6,190,0.153599524582
919,100,6,200,0.153589755974
920,100,7,10,0.0875267806408
921,100,7,20,0.0328761201073
922,100,7,30,0.0227248385397
923,100,7,40,0.0148594019601
924,100,7,50,0.0118082695063
925,100,7,60,0.0088010072791
926,100,7,70,0.0075712419883
927,100,7,80,0.00648858775739
928,100,7,90,0.00601294914778
929,100,7,100,0.00548787291996
930,100,7,110,0.00515837057614
931,100,7,120,0.00491504080372
932,100,7,130,0.00477894283594
933,100,7,140,0.00439678324703
934,100,7,150,0.00409780289367
935,100,7,160,0.00387857297169
936,100,7,170,0.0037539570981
937,100,7,180,0.00367744012724
938,100,7,190,0.00363390358835
939,100,7,200,0.00348927446851
940,100,8,10,0.0830518466701
941,100,8,20,0.0432504343507
942,100,8,30,0.0340360872779
943,100,8,40,0.028082370932
944,100,8,50,0.0227205759026
945,100,8,60,0.0209671314246
946,100,8,70,0.0220806709664
947,100,8,80,0.0224861334226
948,100,8,90,0.0233955082764
949,100,8,100,0.0249200071885
950,100,8,110,0.0300032757187
951,100,8,120,0.0641422850555
952,100,8,130,0.0919546339659
953,100,8,140,0.151434308484
954,100,8,150,0.169743654132
955,100,8,160,0.195753076062
956,100,8,170,0.241019110039
957,100,8,180,0.457494697758
958,100,8,190,0.872671739355
959,100,8,200,1.65604690706
960,100,9,10,0.0968163438749
961,100,9,20,0.0487928461013
962,100,9,30,0.0369859143415
963,100,9,40,0.0448436704992
964,100,9,50,0.0413823044881
965,100,9,60,0.0421725785944
966,100,9,70,0.0307899392989
967,100,9,80,0.0234256313747
968,100,9,90,0.0283339539569
969,100,9,100,0.0323337893916
970,100,9,110,0.0299563076419
971,100,9,120,0.0325539815005
972,100,9,130,0.0343866597853
973,100,9,140,0.0101069374519
974,100,9,150,0.00996568856328
975,100,9,160,0.00988680072038
976,100,9,170,0.00954392337669
977,100,9,180,0.00929907041523
978,100,9,190,0.0118630845318
979,100,9,200,0.103230059209
980,100,10,10,0.141142692188
981,100,10,20,0.106904065935
982,100,10,30,0.121001525894
983,100,10,40,0.127320994798
984,100,10,50,0.0905535382757
985,100,10,60,0.0829130852249
986,100,10,70,0.0638121719914
987,100,10,80,0.0653425379616
988,100,10,90,0.109564414936
989,100,10,100,0.167273119422
990,100,10,110,0.201333236667
991,100,10,120,0.273804743548
992,100,10,130,0.299455753828
993,100,10,140,0.304704721906
994,100,10,150,0.324873964589
995,100,10,160,0.339883612159
996,100,10,170,0.346449307159
997,100,10,180,0.353228028243
998,100,10,190,0.358008015548
999,100,10,200,0.363815051519
1000,120,1,10,0.256320097354
1001,120,1,20,0.249947443081
1002,120,1,30,0.2450151166
1003,120,1,40,0.214441190145
1004,120,1,50,0.213409904216
1005,120,1,60,0.211052289747
1006,120,1,70,0.209248726123
1007,120,1,80,0.207655291836
1008,120,1,90,0.206518271796
1009,120,1,100,0.20607931005
1010,120,1,110,0.205272600292
1011,120,1,120,0.204098251437
1012,120,1,130,0.202969690596
1013,120,1,140,0.202239656714
1014,120,1,150,0.201895721918
1015,120,1,160,0.201537109188
1016,120,1,170,0.201446515641
1017,120,1,180,0.20055978162
1018,120,1,190,0.199345752494
1019,120,1,200,0.19880553076
1020,120,2,10,0.295529220033
1021,120,2,20,0.268165181253
1022,120,2,30,0.264494257488
1023,120,2,40,0.262938676957
1024,120,2,50,0.261308470531
1025,120,2,60,0.259224137403
1026,120,2,70,0.254642605883
1027,120,2,80,0.247978060729
1028,120,2,90,0.243667462769
1029,120,2,100,0.630568263052
1030,120,2,110,0.239256897403
1031,120,2,120,0.189306553333
1032,120,2,130,0.183611843169
1033,120,2,140,0.18270463417
1034,120,2,150,0.18178959764
1035,120,2,160,0.181088729994
1036,120,2,170,0.180221203538
1037,120,2,180,0.180111287055
1038,120,2,190,0.180018117309
1039,120,2,200,0.17994594081
1040,120,3,10,0.252243780345
1041,120,3,20,0.0503951602214
1042,120,3,30,0.0298317334594
1043,120,3,40,0.0264711234364
1044,120,3,50,0.0227473856444
1045,120,3,60,0.0203600529893
1046,120,3,70,0.017513047991
1047,120,3,80,0.0162141201382
1048,120,3,90,0.0146875533618
1049,120,3,100,0.0134740862525
1050,120,3,110,0.0129011993932
1051,120,3,120,0.0123716881616
1052,120,3,130,0.0118689111804
1053,120,3,140,0.0116534584683
1054,120,3,150,0.0112293097774
1055,120,3,160,0.0107731114374
1056,120,3,170,0.0106059648532
1057,120,3,180,0.0104933642049
1058,120,3,190,0.0104729576645
1059,120,3,200,0.0106313880901
1060,120,4,10,0.107375911669
1061,120,4,20,0.0300829483981
1062,120,4,30,0.0399326047267
1063,120,4,40,0.0671848272943
1064,120,4,50,0.0806117913211
1065,120,4,60,0.0362794469837
1066,120,4,70,0.0198134483549
1067,120,4,80,0.0157322758597
1068,120,4,90,0.013192205976
1069,120,4,100,0.0117548126449
1070,120,4,110,0.00883821405561
1071,120,4,120,0.00813667930624
1072,120,4,130,0.00748680542618
1073,120,4,140,0.00743617608323
1074,120,4,150,0.00729826777414
1075,120,4,160,0.00729733288016
1076,120,4,170,0.00731323238698
1077,120,4,180,0.00731105210451
1078,120,4,190,0.00770439149494
1079,120,4,200,0.00735076712537
1080,120,5,10,0.143651938827
1081,120,5,20,0.0398155063226
1082,120,5,30,0.0274070075452
1083,120,5,40,0.0182752320246
1084,120,5,50,0.0168928986822
1085,120,5,60,0.0156726228913
1086,120,5,70,0.0149527068175
1087,120,5,80,0.0145509160597
1088,120,5,90,0.0141713460398
1089,120,5,100,0.0141328219852
1090,120,5,110,0.0143159156348
1091,120,5,120,0.014363890867
1092,120,5,130,0.013609817495
1093,120,5,140,0.0117561513499
1094,120,5,150,0.0104810746227
1095,120,5,160,0.00967562343459
1096,120,5,170,0.00922899848543
1097,120,5,180,0.00889565725128
1098,120,5,190,0.00846882047077
1099,120,5,200,0.0079604397786
1100,120,6,10,0.091416889285
1101,120,6,20,0.0420798071776
1102,120,6,30,0.0341714780157
1103,120,6,40,0.0301963578883
1104,120,6,50,0.0273389526005
1105,120,6,60,0.0277090743703
1106,120,6,70,0.0260535551414
1107,120,6,80,0.0263873689397
1108,120,6,90,0.0266423567852
1109,120,6,100,0.027410082225
1110,120,6,110,0.0296475969248
1111,120,6,120,0.0308013030408
1112,120,6,130,0.0310082715856
1113,120,6,140,0.0307601392145
1114,120,6,150,0.0309002695381
1115,120,6,160,0.0310050811802
1116,120,6,170,0.0314200407195
1117,120,6,180,0.0306785484616
1118,120,6,190,0.0284895588779
1119,120,6,200,0.0274045889177
1120,120,7,10,0.278475808194
1121,120,7,20,0.30877448362
1122,120,7,30,0.315679366317
1123,120,7,40,0.396972588281
1124,120,7,50,0.417884077705
1125,120,7,60,0.42837891054
1126,120,7,70,0.417115083864
1127,120,7,80,0.403224478607
1128,120,7,90,0.425453130749
1129,120,7,100,0.404905007489
1130,120,7,110,0.412110934703
1131,120,7,120,0.421355328815
1132,120,7,130,0.426090172424
1133,120,7,140,0.436368399909
1134,120,7,150,0.45659921983
1135,120,7,160,0.394856870013
1136,120,7,170,0.341510602091
1137,120,7,180,0.343996856157
1138,120,7,190,0.366702431967
1139,120,7,200,0.383409086513
1140,120,8,10,0.167371032373
1141,120,8,20,0.168613013946
1142,120,8,30,0.220598783265
1143,120,8,40,0.311322344554
1144,120,8,50,0.361775715119
1145,120,8,60,0.400191269914
1146,120,8,70,0.334722577833
1147,120,8,80,0.292011592042
1148,120,8,90,0.285387962435
1149,120,8,100,0.287518269143
1150,120,8,110,0.294487592363
1151,120,8,120,0.300173874142
1152,120,8,130,0.308787249544
1153,120,8,140,0.309617210865
1154,120,8,150,0.307501613921
1155,120,8,160,0.309127583305
1156,120,8,170,0.310425762929
1157,120,8,180,0.316224349757
1158,120,8,190,0.318487566356
1159,120,8,200,0.314618822511
1160,120,9,10,0.0738310692406
1161,120,9,20,0.0385725104692
1162,120,9,30,0.0300810950767
1163,120,9,40,0.0239045161575
1164,120,9,50,0.0184391382484
1165,120,9,60,0.0168605634105
1166,120,9,70,0.0160081245838
1167,120,9,80,0.0156117984614
1168,120,9,90,0.0149820209165
1169,120,9,100,0.0146384226664
1170,120,9,110,0.0142380717961
1171,120,9,120,0.0135903143838
1172,120,9,130,0.0125144604837
1173,120,9,140,0.0119949560278
1174,120,9,150,0.0116515647434
1175,120,9,160,0.0114166369639
1176,120,9,170,0.0107319848553
1177,120,9,180,0.0105665154352
1178,120,9,190,0.0104595918076
1179,120,9,200,0.0100901956302
1180,120,10,10,0.215352451991
1181,120,10,20,0.077697587989
1182,120,10,30,0.0749613849956
1183,120,10,40,0.0787769910203
1184,120,10,50,0.0822568466224
1185,120,10,60,0.0804127895891
1186,120,10,70,0.0861555393686
1187,120,10,80,0.113403855607
1188,120,10,90,0.125479198435
1189,120,10,100,0.135428927024
1190,120,10,110,0.138061894121
1191,120,10,120,0.142613798474
1192,120,10,130,0.147153758619
1193,120,10,140,0.194709573396
1194,120,10,150,0.206657724268
1195,120,10,160,0.195127898583
1196,120,10,170,0.162865415168
1197,120,10,180,0.145704916222
1198,120,10,190,0.139069513476
1199,120,10,200,0.144317811786
1200,140,1,10,0.389088341648
1201,140,1,20,0.23382220546
1202,140,1,30,0.204132655897
1203,140,1,40,0.196619224974
1204,140,1,50,0.193803882687
1205,140,1,60,0.190613070456
1206,140,1,70,0.188592299588
1207,140,1,80,0.187277730772
1208,140,1,90,0.18693724082
1209,140,1,100,0.186537342363
1210,140,1,110,0.186097293241
1211,140,1,120,0.185789132045
1212,140,1,130,0.185646808049
1213,140,1,140,0.185488453189
1214,140,1,150,0.185287578864
1215,140,1,160,0.185114998303
1216,140,1,170,0.184738558937
1217,140,1,180,0.184420762559
1218,140,1,190,0.183971476369
1219,140,1,200,0.183654845468
1220,140,2,10,0.061799201876
1221,140,2,20,0.0345587013684
1222,140,2,30,0.017896046458
1223,140,2,40,0.0150540163939
1224,140,2,50,0.0145932843186
1225,140,2,60,0.0143878534576
1226,140,2,70,0.0142044137806
1227,140,2,80,0.0136122379414
1228,140,2,90,0.0127382789607
1229,140,2,100,0.0125358307938
1230,140,2,110,0.0134809092443
1231,140,2,120,0.0135713530902
1232,140,2,130,0.0135454946306
1233,140,2,140,0.0134861929219
1234,140,2,150,0.0134365242622
1235,140,2,160,0.0134325402283
1236,140,2,170,0.0134189762038
1237,140,2,180,0.0133330740064
1238,140,2,190,0.0133014480619
1239,140,2,200,0.0132466601261
1240,140,3,10,0.220181768435
1241,140,3,20,0.137137345423
1242,140,3,30,0.077521826087
1243,140,3,40,0.0625081676787
1244,140,3,50,0.0673886964582
1245,140,3,60,0.0748725018688
1246,140,3,70,0.0621718976412
1247,140,3,80,0.0612418236265
1248,140,3,90,0.0595943372002
1249,140,3,100,0.0627037313631
1250,140,3,110,0.0679472618402
1251,140,3,120,0.0866367269558
1252,140,3,130,0.0981751454099
1253,140,3,140,0.105693415086
1254,140,3,150,0.0859956332894
1255,140,3,160,0.0852157679611
1256,140,3,170,0.0855815073934
1257,140,3,180,0.0824671675091
1258,140,3,190,0.0742078486825
1259,140,3,200,0.0705165122724
1260,140,4,10,0.190610006803
1261,140,4,20,0.0516455171832
1262,140,4,30,0.0308559039812
1263,140,4,40,0.0197752865125
1264,140,4,50,0.0158422291376
1265,140,4,60,0.0131906466251
1266,140,4,70,0.0119074556987
1267,140,4,80,0.0107024653506
1268,140,4,90,0.00968347689807
1269,140,4,100,0.00918804174601
1270,140,4,110,0.00881224865362
1271,140,4,120,0.00850727923326
1272,140,4,130,0.00822429856617
1273,140,4,140,0.00801448208151
1274,140,4,150,0.0077871664554
1275,140,4,160,0.00760146018504
1276,140,4,170,0.00740208453844
1277,140,4,180,0.00696849451785
1278,140,4,190,0.00654820984159
1279,140,4,200,0.0062029519038
1280,140,5,10,0.14949218071
1281,140,5,20,0.0263633148632
1282,140,5,30,0.0180386461612
1283,140,5,40,0.0140075722039
1284,140,5,50,0.010242058742
1285,140,5,60,0.00852427292144
1286,140,5,70,0.00710780048184
1287,140,5,80,0.00675221346972
1288,140,5,90,0.00665283990204
1289,140,5,100,0.00686224255626
1290,140,5,110,0.00737538066197
1291,140,5,120,0.00754176435054
1292,140,5,130,0.00749751736707
1293,140,5,140,0.00742933796529
1294,140,5,150,0.00725667946561
1295,140,5,160,0.00704369679566
1296,140,5,170,0.00697643487358
1297,140,5,180,0.00699187196059
1298,140,5,190,0.00694752406499
1299,140,5,200,0.0068882208893
1300,140,6,10,0.121960134125
1301,140,6,20,0.0585939744055
1302,140,6,30,0.482721929092
1303,140,6,40,0.03654681899
1304,140,6,50,0.0365886528477
1305,140,6,60,0.037789080564
1306,140,6,70,0.0341348457934
1307,140,6,80,0.0271539796653
1308,140,6,90,0.0248130464376
1309,140,6,100,0.0252950601934
1310,140,6,110,0.0251618781034
1311,140,6,120,0.025515383561
1312,140,6,130,0.0255853441169
1313,140,6,140,0.0255680578741
1314,140,6,150,0.025809170034
1315,140,6,160,0.0259451418592
1316,140,6,170,0.0265243295903
1317,140,6,180,0.0272819961551
1318,140,6,190,0.026353225091
1319,140,6,200,0.0258692349877
1320,140,7,10,0.0303172867529
1321,140,7,20,0.0172611029729
1322,140,7,30,0.0138530313581
1323,140,7,40,0.0122639547157
1324,140,7,50,0.0115459947823
1325,140,7,60,0.0111598807781
1326,140,7,70,0.0109004908836
1327,140,7,80,0.0107363832448
1328,140,7,90,0.0106500539588
1329,140,7,100,0.0105550894191
1330,140,7,110,0.0105800269811
1331,140,7,120,0.0100612476908
1332,140,7,130,0.00975639417819
1333,140,7,140,0.00966204947958
1334,140,7,150,0.00958538931384
1335,140,7,160,0.00949860315217
1336,140,7,170,0.00938868194482
1337,140,7,180,0.00932822925504
1338,140,7,190,0.00927612206181
1339,140,7,200,0.00933404022157
1340,140,8,10,0.0738408321251
1341,140,8,20,0.033627833558
1342,140,8,30,0.0295691145871
1343,140,8,40,0.0268862350349
1344,140,8,50,0.022836132998
1345,140,8,60,0.0190305372594
1346,140,8,70,0.0170279613279
1347,140,8,80,0.0151272400625
1348,140,8,90,0.0153805508946
1349,140,8,100,0.0163291212281
1350,140,8,110,0.0167641656517
1351,140,8,120,0.0172198303706
1352,140,8,130,0.0174810025705
1353,140,8,140,0.0186240865731
1354,140,8,150,0.0187996695487
1355,140,8,160,0.0190355831631
1356,140,8,170,0.0192714870192
1357,140,8,180,0.0194754024598
1358,140,8,190,0.0194685021776
1359,140,8,200,0.0195013325725
1360,140,9,10,0.411833647525
1361,140,9,20,0.0845230751383
1362,140,9,30,0.10938034308
1363,140,9,40,0.156516966296
1364,140,9,50,0.201841946289
1365,140,9,60,0.189916095823
1366,140,9,70,0.0767568350602
1367,140,9,80,0.0823778426072
1368,140,9,90,0.0824301298909
1369,140,9,100,0.135919306482
1370,140,9,110,0.175601398747
1371,140,9,120,0.183602376012
1372,140,9,130,0.200452005566
1373,140,9,140,0.212744713963
1374,140,9,150,0.220433218142
1375,140,9,160,0.227446137128
1376,140,9,170,0.242029052387
1377,140,9,180,0.260234489709
1378,140,9,190,0.278418432702
1379,140,9,200,0.294875534223
1380,140,10,10,0.0680670967014
1381,140,10,20,0.0243493061743
1382,140,10,30,0.0272076648554
1383,140,10,40,0.0263502047551
1384,140,10,50,0.0326403654159
1385,140,10,60,0.0351185965574
1386,140,10,70,0.0437098839087
1387,140,10,80,0.0827072466593
1388,140,10,90,0.0790406282048
1389,140,10,100,0.0948900398518
1390,140,10,110,0.0979381449942
1391,140,10,120,0.102182491941
1392,140,10,130,0.100081972973
1393,140,10,140,0.100586813709
1394,140,10,150,0.104174874553
1395,140,10,160,0.108227883957
1396,140,10,170,0.111707468038
1397,140,10,180,0.125361693802
1398,140,10,190,0.175219258494
1399,140,10,200,0.210368824966
1400,160,1,10,0.229055492822
1401,160,1,20,0.0302230722198
1402,160,1,30,0.0186786245432
1403,160,1,40,0.0129418421763
1404,160,1,50,0.0121292542799
1405,160,1,60,0.0119495572062
1406,160,1,70,0.0117937073958
1407,160,1,80,0.0114476949339
1408,160,1,90,0.0111676990229
1409,160,1,100,0.0111109143757
1410,160,1,110,0.0110214541114
1411,160,1,120,0.010936859617
1412,160,1,130,0.010847372753
1413,160,1,140,0.0107491536014
1414,160,1,150,0.0106853803154
1415,160,1,160,0.0106295225804
1416,160,1,170,0.0104380318813
1417,160,1,180,0.010286889862
1418,160,1,190,0.0102340884603
1419,160,1,200,0.0101859296032
1420,160,2,10,0.248375336426
1421,160,2,20,0.168821073751
1422,160,2,30,0.153527807698
1423,160,2,40,0.140264666507
1424,160,2,50,0.122667379061
1425,160,2,60,0.111450966034
1426,160,2,70,0.108003259419
1427,160,2,80,0.105439750548
1428,160,2,90,0.104615923633
1429,160,2,100,0.103188842902
1430,160,2,110,0.100628753669
1431,160,2,120,0.100156924935
1432,160,2,130,0.0994989572375
1433,160,2,140,0.0990323522884
1434,160,2,150,0.0982382536593
1435,160,2,160,0.0972052852603
1436,160,2,170,0.0967565250651
1437,160,2,180,0.096298330673
1438,160,2,190,0.0956846342992
1439,160,2,200,0.0951769788559
1440,160,3,10,0.0837135027149
1441,160,3,20,0.0189194603491
1442,160,3,30,0.0126455582897
1443,160,3,40,0.0113010691137
1444,160,3,50,0.0104631324082
1445,160,3,60,0.0100390780829
1446,160,3,70,0.00985030065901
1447,160,3,80,0.00946732169339
1448,160,3,90,0.00887172943125
1449,160,3,100,0.00891723284556
1450,160,3,110,0.00893487448614
1451,160,3,120,0.00885453315427
1452,160,3,130,0.00869051245332
1453,160,3,140,0.00863907456986
1454,160,3,150,0.00864709807297
1455,160,3,160,0.0085749007176
1456,160,3,170,0.00866128236846
1457,160,3,180,0.00857065301928
1458,160,3,190,0.00859995288166
1459,160,3,200,0.00862307859321
1460,160,4,10,0.0731115413859
1461,160,4,20,0.0331730414515
1462,160,4,30,0.0190768592654
1463,160,4,40,0.0154080104743
1464,160,4,50,0.0134076188288
1465,160,4,60,0.0119088157382
1466,160,4,70,0.0110142363931
1467,160,4,80,0.010202824815
1468,160,4,90,0.00990331721527
1469,160,4,100,0.00970850798298
1470,160,4,110,0.00942187051552
1471,160,4,120,0.00911429511126
1472,160,4,130,0.00882465350424
1473,160,4,140,0.00859518929979
1474,160,4,150,0.00845633679477
1475,160,4,160,0.00828945933623
1476,160,4,170,0.0081936865736
1477,160,4,180,0.00809193005491
1478,160,4,190,0.00799008770491
1479,160,4,200,0.00789726610542
1480,160,5,10,0.255200223291
1481,160,5,20,0.319970275505
1482,160,5,30,0.273446819685
1483,160,5,40,0.202924051627
1484,160,5,50,0.136535119673
1485,160,5,60,0.12404908176
1486,160,5,70,0.0865434018084
1487,160,5,80,0.0874670590232
1488,160,5,90,0.0900329162258
1489,160,5,100,0.0916372195281
1490,160,5,110,0.101930615603
1491,160,5,120,0.106573181647
1492,160,5,130,0.118236219571
1493,160,5,140,0.122687375433
1494,160,5,150,0.121471869232
1495,160,5,160,0.116534162454
1496,160,5,170,0.112712258429
1497,160,5,180,0.121264098008
1498,160,5,190,0.124219406227
1499,160,5,200,0.129956575561
1500,160,6,10,0.0851000495716
1501,160,6,20,0.0580221410281
1502,160,6,30,0.0507489153269
1503,160,6,40,0.0383595229917
1504,160,6,50,0.0266879561686
1505,160,6,60,0.0144720274804
1506,160,6,70,0.00993829254373
1507,160,6,80,0.00900105159951
1508,160,6,90,0.00875338583644
1509,160,6,100,0.00848476250184
1510,160,6,110,0.00826655427213
1511,160,6,120,0.0079757722823
1512,160,6,130,0.00784316189116
1513,160,6,140,0.00759430659636
1514,160,6,150,0.00742248078214
1515,160,6,160,0.00740073627507
1516,160,6,170,0.00730486934271
1517,160,6,180,0.00716820573386
1518,160,6,190,0.00678278770995
1519,160,6,200,0.00685255606368
1520,160,7,10,0.0279255157814
1521,160,7,20,0.0119084831079
1522,160,7,30,0.00939415463361
1523,160,7,40,0.00831933307914
1524,160,7,50,0.00751497172673
1525,160,7,60,0.00720382812389
1526,160,7,70,0.00723385297488
1527,160,7,80,0.00690676283482
1528,160,7,90,0.0067606237768
1529,160,7,100,0.00678617719367
1530,160,7,110,0.00680400237562
1531,160,7,120,0.00743934612595
1532,160,7,130,0.00765448468832
1533,160,7,140,0.00787494833362
1534,160,7,150,0.0079891818543
1535,160,7,160,0.00822077970311
1536,160,7,170,0.00847409001763
1537,160,7,180,0.0086594889879
1538,160,7,190,0.0083403212873
1539,160,7,200,0.00809031095114
1540,160,8,10,0.206094983996
1541,160,8,20,0.097307094412
1542,160,8,30,0.0675290481651
1543,160,8,40,0.0617245616509
1544,160,8,50,0.0559918912217
1545,160,8,60,0.03585102196
1546,160,8,70,0.0395397822631
1547,160,8,80,0.0775620586816
1548,160,8,90,0.0750544820159
1549,160,8,100,0.0730791180319
1550,160,8,110,0.0728551701853
1551,160,8,120,0.0721167910523
1552,160,8,130,0.0719625145127
1553,160,8,140,0.0722667621198
1554,160,8,150,0.0723840003907
1555,160,8,160,0.0729892492796
1556,160,8,170,0.071417653938
1557,160,8,180,0.0716009828296
1558,160,8,190,0.071849768325
1559,160,8,200,0.0722394257713
1560,160,9,10,0.284160036262
1561,160,9,20,0.295966279565
1562,160,9,30,0.302841274043
1563,160,9,40,0.315317690122
1564,160,9,50,0.228794803518
1565,160,9,60,0.0811643584127
1566,160,9,70,0.0990448805858
1567,160,9,80,0.117099923293
1568,160,9,90,0.138323553286
1569,160,9,100,0.164891806465
1570,160,9,110,0.156920550919
1571,160,9,120,0.144956123344
1572,160,9,130,0.140766599204
1573,160,9,140,0.139041796261
1574,160,9,150,0.134476852584
1575,160,9,160,0.1344653266
1576,160,9,170,0.132929283263
1577,160,9,180,0.145644415438
1578,160,9,190,0.174965828701
1579,160,9,200,0.20581533434
1580,160,10,10,1.12507893464
1581,160,10,20,1.51829825997
1582,160,10,30,1.65156559663
1583,160,10,40,0.986905355215
1584,160,10,50,0.668349585171
1585,160,10,60,0.514627781589
1586,160,10,70,0.431366328389
1587,160,10,80,0.287276475307
1588,160,10,90,0.262489945225
1589,160,10,100,0.228701886395
1590,160,10,110,0.220491683906
1591,160,10,120,0.202253486348
1592,160,10,130,0.102272153762
1593,160,10,140,0.0326998053982
1594,160,10,150,0.0213955325694
1595,160,10,160,0.0175416630696
1596,160,10,170,0.0177979883943
1597,160,10,180,0.0190730193607
1598,160,10,190,0.0196071555012
1599,160,10,200,0.0211221036283
1600,180,1,10,0.39462565339
1601,180,1,20,0.336686391428
1602,180,1,30,0.331634046451
1603,180,1,40,0.323568452611
1604,180,1,50,0.319230191774
1605,180,1,60,0.313786574305
1606,180,1,70,0.307318924059
1607,180,1,80,0.272381471346
1608,180,1,90,0.23699662984
1609,180,1,100,0.233084792287
1610,180,1,110,0.231865666503
1611,180,1,120,0.22870727417
1612,180,1,130,0.224769084486
1613,180,1,140,0.222404606593
1614,180,1,150,0.220299730094
1615,180,1,160,0.219302073428
1616,180,1,170,0.219052553694
1617,180,1,180,0.218686088914
1618,180,1,190,0.218378905503
1619,180,1,200,0.21809930782
1620,180,2,10,0.204105246712
1621,180,2,20,0.137976330354
1622,180,2,30,0.052464091043
1623,180,2,40,0.0227422931271
1624,180,2,50,0.0177936994245
1625,180,2,60,0.014615884106
1626,180,2,70,0.0124108040785
1627,180,2,80,0.00993055091472
1628,180,2,90,0.00978272108946
1629,180,2,100,0.00969267097391
1630,180,2,110,0.00950656990618
1631,180,2,120,0.00890220344772
1632,180,2,130,0.00861222228266
1633,180,2,140,0.00841369365167
1634,180,2,150,0.00823262258917
1635,180,2,160,0.00803464215881
1636,180,2,170,0.00809408472804
1637,180,2,180,0.00806501583659
1638,180,2,190,0.0077709072037
1639,180,2,200,0.00803402482111
1640,180,3,10,0.0493688497288
1641,180,3,20,0.0150678456912
1642,180,3,30,0.010641562401
1643,180,3,40,0.00938192515792
1644,180,3,50,0.00954957537335
1645,180,3,60,0.0104256529294
1646,180,3,70,0.00985572320504
1647,180,3,80,0.00950684000251
1648,180,3,90,0.00907367113133
1649,180,3,100,0.0105874665164
1650,180,3,110,0.0146726047985
1651,180,3,120,0.0157023184641
1652,180,3,130,0.015561077218
1653,180,3,140,0.0153608407419
1654,180,3,150,0.0150116346548
1655,180,3,160,0.0141726012931
1656,180,3,170,0.0141023726875
1657,180,3,180,0.013835964629
1658,180,3,190,0.0137740573356
1659,180,3,200,0.0139368712701
1660,180,4,10,0.0611799802377
1661,180,4,20,0.144912359217
1662,180,4,30,0.124221815345
1663,180,4,40,0.130417418825
1664,180,4,50,0.135735174389
1665,180,4,60,0.140706390034
1666,180,4,70,0.145715105045
1667,180,4,80,0.153164183819
1668,180,4,90,0.152515625613
1669,180,4,100,0.132995752178
1670,180,4,110,0.13225053256
1671,180,4,120,0.151347537986
1672,180,4,130,0.16923268837
1673,180,4,140,0.169193015844
1674,180,4,150,0.142529897352
1675,180,4,160,0.131356439283
1676,180,4,170,0.125402168817
1677,180,4,180,0.127757806772
1678,180,4,190,0.118418314781
1679,180,4,200,0.126442557313
1680,180,5,10,0.273352419124
1681,180,5,20,0.221226356594
1682,180,5,30,0.213219229566
1683,180,5,40,0.203018604461
1684,180,5,50,0.183842632557
1685,180,5,60,0.181331727948
1686,180,5,70,0.179737141666
1687,180,5,80,0.175608766406
1688,180,5,90,0.141392122946
1689,180,5,100,0.127554270409
1690,180,5,110,0.111082736792
1691,180,5,120,0.102163892945
1692,180,5,130,0.100283778059
1693,180,5,140,0.100037164382
1694,180,5,150,0.0992223373091
1695,180,5,160,0.0969018177082
1696,180,5,170,0.0950949406539
1697,180,5,180,0.0934446370334
1698,180,5,190,0.0920172750266
1699,180,5,200,0.0905286333408
1700,180,6,10,0.0355900845994
1701,180,6,20,0.0126353699219
1702,180,6,30,0.00935437078509
1703,180,6,40,0.00810757339162
1704,180,6,50,0.00740635832909
1705,180,6,60,0.00753268730794
1706,180,6,70,0.00682401781947
1707,180,6,80,0.00680085673471
1708,180,6,90,0.00668509617527
1709,180,6,100,0.00659194584469
1710,180,6,110,0.00677757433285
1711,180,6,120,0.00682696596448
1712,180,6,130,0.00672474072648
1713,180,6,140,0.00673617255122
1714,180,6,150,0.00660403338091
1715,180,6,160,0.00655734982582
1716,180,6,170,0.00661354703152
1717,180,6,180,0.00660923947477
1718,180,6,190,0.00671065557757
1719,180,6,200,0.00669899652638
1720,180,7,10,0.29303817171
1721,180,7,20,0.329122420679
1722,180,7,30,0.252867735251
1723,180,7,40,0.212939838161
1724,180,7,50,0.181692746229
1725,180,7,60,0.0772731056934
1726,180,7,70,0.0370486540274
1727,180,7,80,0.0313606171303
1728,180,7,90,0.0255685226892
1729,180,7,100,0.0206289969168
1730,180,7,110,0.0159145933066
1731,180,7,120,0.0164378605741
1732,180,7,130,0.0156585384055
1733,180,7,140,0.0155539709499
1734,180,7,150,0.014046909904
1735,180,7,160,0.0119393474695
1736,180,7,170,0.0106949279701
1737,180,7,180,0.00918788997899
1738,180,7,190,0.00754115285076
1739,180,7,200,0.00622665815437
1740,180,8,10,0.213715279182
1741,180,8,20,0.204442928291
1742,180,8,30,0.152091093923
1743,180,8,40,0.127756566625
1744,180,8,50,0.129936397916
1745,180,8,60,0.0961235445804
1746,180,8,70,0.0875417886785
1747,180,8,80,0.0874514219293
1748,180,8,90,0.0914542325802
1749,180,8,100,0.0957151241525
1750,180,8,110,0.0998225203098
1751,180,8,120,0.0999188944595
1752,180,8,130,0.0972120495434
1753,180,8,140,0.0884306179302
1754,180,8,150,0.0718627853871
1755,180,8,160,0.0619522721726
1756,180,8,170,0.0568852126482
1757,180,8,180,0.0477620832679
1758,180,8,190,0.0356527108356
1759,180,8,200,0.0295947662449
1760,180,9,10,0.0653464624342
1761,180,9,20,0.0420241708544
1762,180,9,30,0.0347640292588
1763,180,9,40,0.0286626617275
1764,180,9,50,0.0204874207044
1765,180,9,60,0.0211414702841
1766,180,9,70,0.0196831687578
1767,180,9,80,0.0193893264248
1768,180,9,90,0.0187727414094
1769,180,9,100,0.0188708979644
1770,180,9,110,0.0192619444981
1771,180,9,120,0.0187741360266
1772,180,9,130,0.0196245741992
1773,180,9,140,0.0194260083919
1774,180,9,150,0.0195208947601
1775,180,9,160,0.0197566454277
1776,180,9,170,0.0197130512046
1777,180,9,180,0.0196650904144
1778,180,9,190,0.0191458272511
1779,180,9,200,0.0189671424276
1780,180,10,10,0.0717680214176
1781,180,10,20,0.114994891764
1782,180,10,30,0.185642737773
1783,180,10,40,0.240951140101
1784,180,10,50,0.265920169231
1785,180,10,60,0.254275621216
1786,180,10,70,0.231079555744
1787,180,10,80,0.235252250779
1788,180,10,90,0.239400792999
1789,180,10,100,0.239936679058
1790,180,10,110,0.252591427131
1791,180,10,120,0.264237964635
1792,180,10,130,0.262730085586
1793,180,10,140,0.263815536188
1794,180,10,150,0.269182767355
1795,180,10,160,0.268631257543
1796,180,10,170,0.269896804423
1797,180,10,180,0.271731861828
1798,180,10,190,0.273106539007
1799,180,10,200,0.273077156348
1800,200,1,10,0.449473177746
1801,200,1,20,0.41337680916
1802,200,1,30,0.411550870873
1803,200,1,40,0.411161175273
1804,200,1,50,0.410836553384
1805,200,1,60,0.410468480937
1806,200,1,70,0.409833593935
1807,200,1,80,0.41008554974
1808,200,1,90,0.409768909137
1809,200,1,100,0.409659815205
1810,200,1,110,0.410496756971
1811,200,1,120,0.409932168267
1812,200,1,130,0.409151763158
1813,200,1,140,0.409448497714
1814,200,1,150,0.409208048333
1815,200,1,160,0.408906438277
1816,200,1,170,0.408543261741
1817,200,1,180,0.408343286232
1818,200,1,190,0.407571540338
1819,200,1,200,0.381320933791
1820,200,2,10,0.0299675526552
1821,200,2,20,0.012149037204
1822,200,2,30,0.00906602423217
1823,200,2,40,0.00988130434075
1824,200,2,50,0.0104750794846
1825,200,2,60,0.010982237838
1826,200,2,70,0.0118120221888
1827,200,2,80,0.00854410261958
1828,200,2,90,0.00758111291165
1829,200,2,100,0.00619308806343
1830,200,2,110,0.00500683624829
1831,200,2,120,0.00481330695293
1832,200,2,130,0.00404712328828
1833,200,2,140,0.00395799987687
1834,200,2,150,0.00387316662324
1835,200,2,160,0.00385530555518
1836,200,2,170,0.0038510658441
1837,200,2,180,0.00388452147318
1838,200,2,190,0.00396653373671
1839,200,2,200,0.00388245033161
1840,200,3,10,0.262202456195
1841,200,3,20,0.206323809338
1842,200,3,30,0.190020715992
1843,200,3,40,0.151390482667
1844,200,3,50,0.137804187097
1845,200,3,60,0.131120220907
1846,200,3,70,0.11728648495
1847,200,3,80,0.113361948965
1848,200,3,90,0.109046986393
1849,200,3,100,0.10356813466
1850,200,3,110,0.102036552142
1851,200,3,120,0.100268234259
1852,200,3,130,0.0994325224474
1853,200,3,140,0.0971095209392
1854,200,3,150,0.0965778404961
1855,200,3,160,0.0961276674536
1856,200,3,170,0.0958321989791
1857,200,3,180,0.0956361407993
1858,200,3,190,0.0954426042733
1859,200,3,200,0.0950950559983
1860,200,4,10,0.0638917429953
1861,200,4,20,0.0191958452403
1862,200,4,30,0.0116780090273
1863,200,4,40,0.00772471504888
1864,200,4,50,0.00653405317784
1865,200,4,60,0.00597206339589
1866,200,4,70,0.00569915911828
1867,200,4,80,0.0055353656717
1868,200,4,90,0.00531052641922
1869,200,4,100,0.00499872358824
1870,200,4,110,0.00473403618834
1871,200,4,120,0.00460222520204
1872,200,4,130,0.00440302328422
1873,200,4,140,0.00423891512234
1874,200,4,150,0.00400287204646
1875,200,4,160,0.00381101971468
1876,200,4,170,0.00363139195344
1877,200,4,180,0.00333300175419
1878,200,4,190,0.00324058291388
1879,200,4,200,0.00308635933405
1880,200,5,10,0.0600671233481
1881,200,5,20,0.0242718566092
1882,200,5,30,0.0131933092985
1883,200,5,40,0.0102492302796
1884,200,5,50,0.00851754477732
1885,200,5,60,0.00852984208839
1886,200,5,70,0.0086463305203
1887,200,5,80,0.00943609163988
1888,200,5,90,0.00990096549026
1889,200,5,100,0.00992029978294
1890,200,5,110,0.00994740661814
1891,200,5,120,0.00989347611618
1892,200,5,130,0.00950785485134
1893,200,5,140,0.00915512084746
1894,200,5,150,0.00889145202674
1895,200,5,160,0.00832978253882
1896,200,5,170,0.00814146188363
1897,200,5,180,0.00802229924904
1898,200,5,190,0.00796548849204
1899,200,5,200,0.00799900928282
1900,200,6,10,0.281985304216
1901,200,6,20,0.172911643699
1902,200,6,30,0.158251665042
1903,200,6,40,0.152627681208
1904,200,6,50,0.12476591086
1905,200,6,60,0.109990071965
1906,200,6,70,0.104202039001
1907,200,6,80,0.0895382942016
1908,200,6,90,0.11949544526
1909,200,6,100,0.120212059833
1910,200,6,110,0.190703877346
1911,200,6,120,0.181387132505
1912,200,6,130,0.192968531322
1913,200,6,140,0.195789341322
1914,200,6,150,0.207371660669
1915,200,6,160,0.212480834123
1916,200,6,170,0.219870166431
1917,200,6,180,0.241485345995
1918,200,6,190,0.248708353147
1919,200,6,200,0.254595096478
1920,200,7,10,0.184145980952
1921,200,7,20,0.135704967919
1922,200,7,30,0.164133886616
1923,200,7,40,0.159860710172
1924,200,7,50,0.154489163865
1925,200,7,60,0.146986661327
1926,200,7,70,0.148656099534
1927,200,7,80,0.152350671228
1928,200,7,90,0.152133591958
1929,200,7,100,0.153797562971
1930,200,7,110,0.153775863354
1931,200,7,120,0.155543992559
1932,200,7,130,0.141524324638
1933,200,7,140,0.14275503819
1934,200,7,150,0.144970054035
1935,200,7,160,0.122577787876
1936,200,7,170,0.121261496908
1937,200,7,180,0.11785668393
1938,200,7,190,0.124017366301
1939,200,7,200,0.126022184291
1940,200,8,10,0.470355506287
1941,200,8,20,0.598204984445
1942,200,8,30,0.808890198503
1943,200,8,40,1.30954382327
1944,200,8,50,1.31029785999
1945,200,8,60,1.55671473036
1946,200,8,70,1.70540780531
1947,200,8,80,1.60861516709
1948,200,8,90,1.604386121
1949,200,8,100,1.59109222309
1950,200,8,110,1.5869858193
1951,200,8,120,1.5549082744
1952,200,8,130,1.46783721979
1953,200,8,140,1.43607994538
1954,200,8,150,1.4347472287
1955,200,8,160,1.41574664683
1956,200,8,170,1.39215211465
1957,200,8,180,1.36300091737
1958,200,8,190,1.36305308152
1959,200,8,200,1.34732618508
1960,200,9,10,0.0238147986824
1961,200,9,20,0.028274296395
1962,200,9,30,0.0404109666771
1963,200,9,40,0.0373907789037
1964,200,9,50,0.0361989231804
1965,200,9,60,0.0374187600652
1966,200,9,70,0.0372998034377
1967,200,9,80,0.0375949617469
1968,200,9,90,0.0375397469254
1969,200,9,100,0.0371214197055
1970,200,9,110,0.0369371888804
1971,200,9,120,0.0366288583131
1972,200,9,130,0.0365006696025
1973,200,9,140,0.036047583895
1974,200,9,150,0.0358451506762
1975,200,9,160,0.0351663622535
1976,200,9,170,0.0346904138216
1977,200,9,180,0.0337562367125
1978,200,9,190,0.0333462888836
1979,200,9,200,0.0328017914508
1980,200,10,10,0.192578108876
1981,200,10,20,0.109090518004
1982,200,10,30,0.0956836151017
1983,200,10,40,0.0999715149129
1984,200,10,50,0.115227961881
1985,200,10,60,0.130602506481
1986,200,10,70,0.142327646531
1987,200,10,80,0.14414825508
1988,200,10,90,0.146600342542
1989,200,10,100,0.148167584192
1990,200,10,110,0.14919250795
1991,200,10,120,0.150148777629
1992,200,10,130,0.151538735688
1993,200,10,140,0.154198982926
1994,200,10,150,0.15890715988
1995,200,10,160,0.158914093672
1996,200,10,170,0.161057885189
1997,200,10,180,0.162937094747
1998,200,10,190,0.168592631007
1999,200,10,200,0.185097628396
